{
	"pattrstorage" : 	{
		"name" : "u216010225",
		"slots" : 		{
			"1" : 			{
				"id" : 1,
				"data" : 				{
					"ampiezze" : [ 0.485882371664047, 0.938823521137238, 0.691764712333679, 0.732941210269928 ],
					"distorsione" : [ 1.333 ],
					"fondamentale" : [ 110.0 ]
				}

			}
,
			"2" : 			{
				"id" : 2,
				"data" : 				{
					"ampiezze" : [ 0.485882371664047, 0.938823521137238, 0.691764712333679, 0.732941210269928 ],
					"distorsione" : [ 1.01 ],
					"fondamentale" : [ 220.0 ]
				}

			}
,
			"3" : 			{
				"id" : 3,
				"data" : 				{
					"ampiezze" : [ 0.485882371664047, 0.344705909490585, 0.868235290050507, 0.244705900549889 ],
					"distorsione" : [ 0.999 ],
					"fondamentale" : [ 165.0 ]
				}

			}

		}

	}

}
